{"cameraMode":{"drawMode":0,"name":"Shaded","section":"Shading Mode"},"sceneLighting":true,"audioPlay":false,"sceneViewState":{"m_AlwaysRefresh":false,"showFog":true,"showSkybox":true,"showFlares":true,"showImageEffects":true,"showParticleSystems":true,"showVisualEffectGraphs":true,"m_FxEnabled":true},"in2DMode":false,"pivot":{"x":9.666152000427246,"y":2.018106460571289,"z":4.267675876617432},"rotation":{"x":0.5166906714439392,"y":-0.011268842965364457,"z":0.006856455001980066,"w":0.8561223149299622},"size":5.6414337158203129,"orthographic":false}